request_time,write,response_time
1772832482494,false,1772832482504
1772832482545,false,1772832482553
1772832482595,false,1772832482605
1772832482644,false,1772832482666
1772832482694,true,1772832482704
1772832482744,true,1772832482754
1772832482794,true,1772832482803
1772832482845,true,1772832482854
1772832482895,true,1772832482904
1772832482944,false,1772832482954
1772832482995,false,1772832483004
1772832483045,true,1772832483055
1772832483094,false,1772832483106
1772832483145,true,1772832483154
1772832483194,true,1772832483203
1772832483244,false,1772832483254
1772832483295,true,1772832483305
1772832483344,false,1772832483355
1772832483395,true,1772832483404
1772832483445,false,1772832483454
1772832483495,true,1772832483504
1772832483545,false,1772832483553
1772832483595,true,1772832483604
1772832483645,true,1772832483654
1772832483694,false,1772832483703
1772832483745,false,1772832483754
1772832483795,false,1772832483804
1772832483845,false,1772832483853
1772832483894,true,1772832483904
1772832483945,true,1772832483953
1772832483994,true,1772832484003
1772832484044,true,1772832484053
1772832484094,true,1772832484103
1772832484144,true,1772832484153
1772832484194,true,1772832484204
1772832484245,false,1772832484253
1772832484294,false,1772832484304
1772832484344,false,1772832484353
1772832484394,false,1772832484404
1772832484445,true,1772832484453
1772832484494,false,1772832484503
1772832484544,false,1772832484554
1772832484595,false,1772832484604
1772832484644,false,1772832484654
1772832484695,false,1772832484703
1772832484745,false,1772832484753
1772832484795,true,1772832484804
1772832484844,true,1772832484854
1772832484895,true,1772832484904
1772832484945,true,1772832484954
1772832484994,false,1772832485004
1772832485044,false,1772832485053
1772832485095,true,1772832485104
1772832485144,false,1772832485154
1772832485194,false,1772832485204
1772832485244,false,1772832485254
1772832485294,false,1772832485303
1772832485345,true,1772832485353
1772832485395,false,1772832485404
1772832485465,true,1772832485474
1772832485495,false,1772832485504
1772832485544,true,1772832485553
1772832485595,true,1772832485604
1772832485644,true,1772832485654
1772832485694,false,1772832485704
1772832485745,false,1772832485753
1772832485794,true,1772832485804
1772832485843,false,1772832485853
1772832485894,false,1772832485904
1772832485944,false,1772832485953
1772832485994,true,1772832486003
1772832486044,true,1772832486053
1772832486095,false,1772832486104
1772832486144,true,1772832486154
1772832486195,false,1772832486204
1772832486245,true,1772832486255
1772832486295,true,1772832486305
1772832486345,true,1772832486354
1772832486394,false,1772832486406
1772832486466,true,1772832486473
1772832486495,false,1772832486509
1772832486544,true,1772832486553
1772832486595,true,1772832486603
1772832486644,true,1772832486653
1772832486695,false,1772832486704
1772832486745,true,1772832486754
1772832486794,true,1772832486804
1772832486845,false,1772832486854
1772832486895,false,1772832486903
1772832486945,false,1772832486953
1772832486994,true,1772832487004
1772832487044,false,1772832487054
1772832487095,true,1772832487104
1772832487145,false,1772832487153
1772832487195,true,1772832487204
1772832487245,true,1772832487254
1772832487293,false,1772832487303
1772832487344,false,1772832487353
1772832487394,true,1772832487403
1772832487444,true,1772832487454
1772832487494,false,1772832487504
1772832487545,true,1772832487554
1772832487595,true,1772832487604
1772832487645,true,1772832487653
1772832487694,false,1772832487704
1772832487744,false,1772832487760
1772832487794,true,1772832487804
1772832487845,true,1772832487854
1772832487895,true,1772832487903
1772832487945,true,1772832487954
1772832487995,true,1772832488003
1772832488043,true,1772832488054
1772832488095,true,1772832488104
1772832488145,false,1772832488154
1772832488195,false,1772832488206
1772832488244,false,1772832488253
1772832488294,true,1772832488303
1772832488344,false,1772832488353
1772832488394,true,1772832488403
1772832488445,false,1772832488454
1772832488494,false,1772832488503
1772832488544,false,1772832488554
1772832488595,true,1772832488603
1772832488645,true,1772832488653
1772832488694,false,1772832488704
1772832488744,false,1772832488754
1772832488795,true,1772832488804
1772832488845,true,1772832488854
1772832488894,false,1772832488904
1772832488945,true,1772832488954
1772832488995,true,1772832489004
1772832489045,false,1772832489054
1772832489095,true,1772832489104
1772832489145,false,1772832489154
1772832489195,false,1772832489205
1772832489245,true,1772832489255
1772832489295,true,1772832489304
1772832489344,false,1772832489354
1772832489395,true,1772832489404
1772832489444,false,1772832489454
1772832489494,true,1772832489503
1772832489544,false,1772832489553
1772832489595,false,1772832489604
1772832489645,false,1772832489654
1772832489694,true,1772832489712
1772832489745,true,1772832489760
1772832489795,false,1772832489804
1772832489845,false,1772832489853
1772832489894,false,1772832489904
1772832489945,true,1772832489953
1772832489995,false,1772832490003
1772832490044,true,1772832490053
1772832490094,true,1772832490103
1772832490145,false,1772832490154
1772832490194,false,1772832490203
1772832490244,false,1772832490253
1772832490295,false,1772832490303
1772832490344,false,1772832490354
1772832490395,false,1772832490404
1772832490445,true,1772832490453
1772832490494,false,1772832490504
1772832490544,true,1772832490555
1772832490595,false,1772832490605
1772832490645,true,1772832490656
1772832490694,false,1772832490704
1772832490745,false,1772832490753
1772832490794,false,1772832490803
1772832490845,true,1772832490853
1772832490894,true,1772832490905
1772832490944,true,1772832490956
1772832490995,true,1772832491003
1772832491045,false,1772832491053
1772832491094,true,1772832491103
1772832491144,false,1772832491154
1772832491195,false,1772832491205
1772832491245,false,1772832491253
1772832491294,false,1772832491304
1772832491344,true,1772832491354
1772832491395,true,1772832491405
1772832491445,false,1772832491454
1772832491495,true,1772832491504
1772832491545,true,1772832491554
1772832491595,false,1772832491604
1772832491645,true,1772832491654
1772832491695,false,1772832491703
1772832491745,true,1772832491754
1772832491795,true,1772832491803
1772832491844,true,1772832491854
1772832491895,true,1772832491904
1772832491945,true,1772832491954
1772832491995,true,1772832492004
1772832492045,false,1772832492054
1772832492094,false,1772832492104
1772832492145,true,1772832492153
1772832492194,true,1772832492204
1772832492244,true,1772832492254
1772832492295,true,1772832492304
1772832492345,true,1772832492354
1772832492395,false,1772832492404
1772832492445,false,1772832492453
1772832492494,false,1772832492503
1772832492544,true,1772832492554
1772832492595,false,1772832492603
1772832492645,true,1772832492654
1772832492695,false,1772832492704
1772832492745,true,1772832492754
1772832492795,false,1772832492804
1772832492845,false,1772832492853
1772832492894,false,1772832492905
1772832492944,false,1772832492954
1772832492994,true,1772832493004
1772832493044,true,1772832493053
1772832493094,false,1772832493104
1772832493145,true,1772832493153
1772832493195,false,1772832493204
1772832493245,false,1772832493254
1772832493295,true,1772832493303
1772832493344,true,1772832493353
1772832493394,true,1772832493404
1772832493444,true,1772832493453
1772832493494,true,1772832493504
1772832493545,false,1772832493554
1772832493595,true,1772832493603
1772832493644,false,1772832493654
1772832493694,true,1772832493704
1772832493744,false,1772832493754
1772832493795,false,1772832493803
1772832493845,true,1772832493853
1772832493895,true,1772832493905
1772832493945,true,1772832493954
1772832493994,false,1772832494004
1772832494045,true,1772832494054
1772832494095,true,1772832494104
1772832494144,false,1772832494154
1772832494195,false,1772832494203
1772832494245,true,1772832494254
1772832494294,true,1772832494304
1772832494345,true,1772832494354
1772832494395,true,1772832494404
1772832494445,true,1772832494453
1772832494494,false,1772832494504
1772832494545,false,1772832494553
1772832494594,true,1772832494604
1772832494644,false,1772832494654
1772832494695,false,1772832494703
1772832494745,false,1772832494754
1772832494795,true,1772832494804
1772832494845,true,1772832494854
1772832494894,true,1772832494903
1772832494945,true,1772832494954
1772832494995,true,1772832495004
1772832495045,true,1772832495053
1772832495094,false,1772832495103
1772832495145,false,1772832495154
1772832495194,true,1772832495203
1772832495244,false,1772832495253
1772832495294,false,1772832495303
1772832495344,false,1772832495353
1772832495394,false,1772832495404
1772832495445,false,1772832495454
1772832495495,true,1772832495504
1772832495545,false,1772832495554
1772832495595,false,1772832495603
1772832495644,true,1772832495653
1772832495695,false,1772832495703
1772832495744,false,1772832495754
1772832495795,true,1772832495805
1772832495844,true,1772832495854
1772832495895,true,1772832495903
1772832495944,false,1772832495953
1772832495995,false,1772832496004
1772832496045,false,1772832496054
1772832496095,true,1772832496104
1772832496145,false,1772832496153
1772832496194,false,1772832496204
1772832496245,true,1772832496253
1772832496295,true,1772832496303
1772832496345,false,1772832496353
1772832496394,false,1772832496403
1772832496445,false,1772832496453
1772832496494,false,1772832496503
1772832496544,false,1772832496554
1772832496595,false,1772832496603
1772832496644,false,1772832496654
1772832496694,false,1772832496705
1772832496744,true,1772832496754
1772832496795,true,1772832496804
1772832496845,true,1772832496853
1772832496894,false,1772832496904
1772832496945,true,1772832496954
1772832496995,false,1772832497005
1772832497044,false,1772832497053
1772832497095,true,1772832497104
1772832497145,false,1772832497154
1772832497194,true,1772832497204
1772832497244,true,1772832497254
1772832497295,false,1772832497303
1772832497344,true,1772832497354
1772832497395,true,1772832497404
1772832497445,true,1772832497454
1772832497495,false,1772832497503
1772832497545,false,1772832497553
1772832497594,true,1772832497603
1772832497644,true,1772832497653
1772832497695,false,1772832497704
1772832497745,true,1772832497753
1772832497794,true,1772832497804
1772832497847,false,1772832497854
1772832497895,false,1772832497904
1772832497944,false,1772832497954
1772832497995,false,1772832498003
1772832498044,true,1772832498053
1772832498095,false,1772832498103
1772832498144,false,1772832498154
1772832498194,false,1772832498203
1772832498244,false,1772832498254
1772832498295,false,1772832498304
1772832498344,true,1772832498353
1772832498394,false,1772832498403
1772832498445,false,1772832498453
1772832498494,false,1772832498503
1772832498545,true,1772832498553
1772832498594,true,1772832498604
1772832498645,false,1772832498653
1772832498695,false,1772832498703
1772832498745,true,1772832498754
1772832498795,false,1772832498806
1772832498844,false,1772832498853
1772832498894,true,1772832498903
1772832498944,false,1772832498953
1772832498994,true,1772832499004
1772832499045,false,1772832499054
1772832499095,false,1772832499104
1772832499144,false,1772832499154
1772832499195,false,1772832499203
1772832499245,true,1772832499253
1772832499295,true,1772832499303
1772832499345,true,1772832499353
1772832499394,false,1772832499404
1772832499444,true,1772832499454
1772832499495,true,1772832499503
1772832499544,false,1772832499554
1772832499595,true,1772832499604
1772832499644,false,1772832499654
1772832499694,false,1772832499703
1772832499744,false,1772832499753
1772832499794,false,1772832499803
1772832499845,true,1772832499854
1772832499895,true,1772832499903
1772832499944,true,1772832499953
1772832499995,false,1772832500003
1772832500043,true,1772832500053
1772832500094,true,1772832500104
1772832500144,true,1772832500153
1772832500194,false,1772832500204
1772832500245,false,1772832500253
1772832500295,false,1772832500303
1772832500345,false,1772832500353
1772832500394,false,1772832500403
1772832500444,false,1772832500453
1772832500494,true,1772832500504
1772832500544,true,1772832500554
1772832500594,true,1772832500603
1772832500644,false,1772832500653
1772832500694,false,1772832500703
1772832500745,true,1772832500754
1772832500795,true,1772832500803
1772832500844,true,1772832500854
1772832500895,true,1772832500903
1772832500945,true,1772832500954
1772832500995,false,1772832501004
1772832501045,true,1772832501053
1772832501095,true,1772832501104
1772832501145,true,1772832501154
1772832501194,true,1772832501204
1772832501245,false,1772832501253
1772832501295,false,1772832501303
1772832501345,true,1772832501354
1772832501394,true,1772832501403
1772832501444,false,1772832501454
1772832501495,false,1772832501504
1772832501545,false,1772832501554
1772832501594,false,1772832501604
1772832501645,true,1772832501653
1772832501694,false,1772832501704
1772832501745,false,1772832501754
1772832501795,true,1772832501804
1772832501844,false,1772832501854
1772832501895,true,1772832501904
1772832501945,false,1772832501954
1772832501995,false,1772832502003
1772832502045,false,1772832502054
1772832502094,true,1772832502104
1772832502144,false,1772832502154
1772832502195,true,1772832502203
1772832502244,true,1772832502254
1772832502295,false,1772832502303
1772832502344,true,1772832502353
1772832502394,false,1772832502403
1772832502445,true,1772832502453
1772832502494,true,1772832502504
1772832502545,true,1772832502554
1772832502595,false,1772832502604
1772832502644,false,1772832502654
1772832502695,false,1772832502704
1772832502745,true,1772832502755
1772832502795,false,1772832502804
1772832502845,false,1772832502854
1772832502895,false,1772832502903
1772832502945,true,1772832502955
1772832502994,true,1772832503004
1772832503044,true,1772832503054
1772832503095,true,1772832503104
1772832503145,true,1772832503154
1772832503195,true,1772832503204
1772832503245,true,1772832503254
1772832503294,false,1772832503304
1772832503344,true,1772832503353
1772832503394,true,1772832503404
1772832503444,false,1772832503453
1772832503494,false,1772832503503
1772832503545,false,1772832503554
1772832503595,false,1772832503604
1772832503644,true,1772832503653
1772832503694,false,1772832503703
1772832503744,false,1772832503753
1772832503795,false,1772832503803
1772832503844,false,1772832503855
1772832503895,true,1772832503903
1772832503945,true,1772832503953
1772832503994,false,1772832504003
1772832504044,true,1772832504054
1772832504095,false,1772832504103
1772832504145,true,1772832504153
1772832504195,true,1772832504203
1772832504245,true,1772832504254
1772832504295,false,1772832504304
1772832504344,true,1772832504353
1772832504394,false,1772832504403
1772832504445,false,1772832504453
1772832504495,true,1772832504503
1772832504545,true,1772832504553
1772832504595,false,1772832504604
1772832504644,true,1772832504654
1772832504695,false,1772832504704
1772832504744,false,1772832504754
1772832504794,true,1772832504803
1772832504845,false,1772832504853
1772832504893,false,1772832504904
1772832504944,true,1772832504955
1772832504994,false,1772832505003
1772832505044,false,1772832505053
1772832505095,false,1772832505104
1772832505145,false,1772832505154
1772832505194,false,1772832505204
1772832505244,true,1772832505254
1772832505295,true,1772832505303
1772832505344,true,1772832505353
1772832505395,false,1772832505403
1772832505445,true,1772832505454
1772832505494,true,1772832505503
1772832505545,false,1772832505554
1772832505595,true,1772832505604
1772832505645,false,1772832505654
1772832505695,false,1772832505704
1772832505744,true,1772832505754
1772832505795,true,1772832505804
1772832505845,false,1772832505854
1772832505894,false,1772832505903
1772832505944,false,1772832505954
1772832505995,false,1772832506004
1772832506044,false,1772832506053
1772832506095,true,1772832506103
1772832506144,false,1772832506154
1772832506195,true,1772832506203
1772832506244,true,1772832506254
1772832506295,false,1772832506303
1772832506344,false,1772832506353
1772832506395,true,1772832506404
1772832506445,false,1772832506453
1772832506494,true,1772832506504
1772832506544,true,1772832506553
1772832506594,true,1772832506604
1772832506645,false,1772832506653
1772832506695,false,1772832506703
1772832506744,true,1772832506753
1772832506795,true,1772832506803
1772832506844,true,1772832506853
1772832506895,false,1772832506903
1772832506944,true,1772832506953
1772832506995,true,1772832507004
1772832507045,true,1772832507054
1772832507095,false,1772832507105
1772832507144,true,1772832507153
1772832507195,false,1772832507203
1772832507243,true,1772832507253
1772832507295,false,1772832507304
1772832507344,false,1772832507354
1772832507395,true,1772832507403
1772832507444,true,1772832507453
1772832507495,true,1772832507503
1772832507545,false,1772832507553
1772832507595,false,1772832507603
1772832507644,false,1772832507653
1772832507694,true,1772832507704
1772832507745,true,1772832507753
1772832507794,true,1772832507804
1772832507845,true,1772832507853
1772832507894,true,1772832507904
1772832507945,false,1772832507953
1772832507994,false,1772832508004
1772832508045,false,1772832508053
1772832508094,true,1772832508104
1772832508144,false,1772832508153
1772832508195,true,1772832508202
1772832508244,true,1772832508253
1772832508295,false,1772832508304
1772832508344,true,1772832508354
1772832508394,true,1772832508404
1772832508445,false,1772832508453
1772832508494,true,1772832508503
1772832508544,true,1772832508553
1772832508595,false,1772832508604
1772832508645,true,1772832508654
1772832508694,false,1772832508704
1772832508744,true,1772832508754
1772832508795,false,1772832508803
1772832508844,false,1772832508853
1772832508895,true,1772832508904
1772832508945,true,1772832508954
1772832508994,false,1772832509003
1772832509044,true,1772832509054
1772832509095,false,1772832509103
1772832509144,true,1772832509154
1772832509195,true,1772832509204
1772832509245,true,1772832509253
1772832509295,false,1772832509303
1772832509344,false,1772832509353
1772832509394,true,1772832509403
1772832509445,true,1772832509453
1772832509494,true,1772832509503
1772832509544,false,1772832509553
1772832509595,true,1772832509603
1772832509645,true,1772832509653
1772832509694,true,1772832509703
1772832509744,true,1772832509753
1772832509794,false,1772832509804
1772832509844,false,1772832509853
1772832509894,false,1772832509904
1772832509945,true,1772832509954
1772832509995,true,1772832510004
1772832510045,true,1772832510054
1772832510095,true,1772832510104
1772832510144,true,1772832510154
1772832510194,true,1772832510204
1772832510245,false,1772832510253
1772832510294,true,1772832510303
1772832510344,true,1772832510353
1772832510394,true,1772832510403
1772832510445,false,1772832510453
1772832510495,true,1772832510504
1772832510545,false,1772832510554
1772832510595,true,1772832510604
1772832510644,false,1772832510654
1772832510695,false,1772832510704
1772832510745,false,1772832510753
1772832510795,true,1772832510803
1772832510845,true,1772832510853
1772832510895,false,1772832510903
1772832510944,true,1772832510954
1772832510995,false,1772832511003
1772832511044,true,1772832511054
1772832511095,false,1772832511104
1772832511144,false,1772832511154
1772832511195,true,1772832511204
1772832511245,true,1772832511254
1772832511294,false,1772832511304
1772832511345,false,1772832511353
1772832511395,true,1772832511404
1772832511445,false,1772832511454
1772832511495,false,1772832511503
1772832511544,true,1772832511553
1772832511595,true,1772832511603
1772832511644,true,1772832511653
1772832511695,true,1772832511705
1772832511744,false,1772832511756
1772832511795,false,1772832511803
1772832511845,false,1772832511853
1772832511895,false,1772832511903
1772832511944,true,1772832511953
1772832511995,false,1772832512004
1772832512044,false,1772832512054
1772832512095,false,1772832512103
1772832512144,false,1772832512153
1772832512195,false,1772832512203
1772832512244,true,1772832512253
1772832512295,true,1772832512303
1772832512344,false,1772832512353
1772832512395,true,1772832512403
1772832512445,false,1772832512453
1772832512494,true,
