request_time,write,response_time,fastpath
1773613845060,true,1773613845314,false
1773613845070,true,1773613845338,false
1773613845079,false,1773613845369,false
1773613845089,true,1773613845338,false
1773613845100,false,1773613845360,false
1773613845110,true,1773613845362,false
1773613845120,false,1773613845366,false
1773613845129,true,1773613845429,false
1773613845140,false,1773613845429,false
1773613845150,false,1773613845450,false
1773613845160,false,1773613845451,false
1773613845169,false,1773613845454,false
1773613845180,false,1773613845454,false
1773613845190,true,1773613845486,false
1773613845199,false,1773613845486,false
1773613845210,true,1773613845486,false
1773613845220,false,1773613845486,false
1773613845230,false,1773613845486,false
1773613845240,true,1773613845509,false
1773613845250,false,1773613845496,false
1773613845259,false,1773613845514,false
1773613845270,false,1773613845508,false
1773613845280,false,1773613845523,false
1773613845289,false,1773613845537,false
1773613845300,false,1773613845577,false
1773613845310,true,1773613845577,false
1773613845320,false,1773613845579,false
1773613845330,true,1773613845584,false
1773613845340,true,1773613845586,false
1773613845349,false,1773613845597,false
1773613845360,false,1773613845609,false
1773613845370,false,1773613845616,false
1773613845380,false,1773613845618,false
1773613845390,false,1773613845635,false
1773613845400,true,1773613845649,false
1773613845410,false,1773613845664,false
1773613845420,true,1773613845666,false
1773613845429,true,1773613845669,false
1773613845439,false,1773613845686,false
1773613845450,false,1773613845696,false
1773613845460,false,1773613845708,false
1773613845470,false,1773613845715,false
1773613845480,false,1773613845723,false
1773613845490,true,1773613845737,false
1773613845500,false,1773613845749,false
1773613845510,true,1773613845755,false
1773613845520,true,1773613845765,false
1773613845530,true,1773613845776,false
1773613845540,false,1773613845786,false
1773613845550,true,1773613845798,false
1773613845559,false,1773613845809,false
1773613845570,true,1773613845814,false
1773613845580,false,1773613845824,false
1773613845590,false,1773613845836,false
1773613845600,true,1773613845849,false
1773613845609,false,1773613845857,false
1773613845619,false,1773613845869,false
1773613845629,true,1773613845875,false
1773613845639,true,1773613845876,false
1773613845650,true,1773613845888,false
1773613845660,true,1773613845898,false
1773613845670,false,1773613845914,false
1773613845680,true,1773613845923,false
1773613845690,false,1773613845929,false
1773613845700,false,1773613845938,false
1773613845709,true,1773613845947,false
1773613845720,true,1773613845969,false
1773613845729,true,1773613845979,false
1773613845739,true,1773613845985,false
1773613845749,true,1773613845989,false
1773613845760,false,1773613845999,false
1773613845769,false,1773613846013,false
1773613845780,false,1773613846021,false
1773613845790,true,1773613846029,false
1773613845800,false,1773613846040,false
1773613845810,true,1773613846048,false
1773613845819,true,1773613846059,false
1773613845830,false,1773613846068,false
1773613845840,false,1773613846079,false
1773613845850,true,1773613846089,false
1773613845860,false,1773613846098,false
1773613845869,true,1773613846108,false
1773613845880,false,1773613846119,false
1773613845890,true,1773613846130,false
1773613845900,true,1773613846138,false
1773613845910,true,1773613846149,false
1773613845920,false,1773613846158,false
1773613845930,true,1773613846168,false
1773613845939,false,1773613846181,false
1773613845950,true,1773613846197,false
1773613845960,false,1773613846199,false
1773613845970,false,1773613846209,false
1773613845980,true,1773613846220,false
1773613845990,true,1773613846230,false
1773613846000,true,1773613846239,false
1773613846010,false,1773613846249,false
1773613846020,true,1773613846259,false
1773613846030,false,1773613846269,false
1773613846040,true,1773613846279,false
1773613846050,true,1773613846291,false
1773613846060,false,1773613846299,false
1773613846070,false,1773613846308,false
1773613846080,true,1773613846327,false
1773613846090,true,1773613846329,false
1773613846099,true,1773613846337,false
1773613846109,true,1773613846349,false
1773613846120,false,1773613846359,false
1773613846129,true,1773613846369,false
1773613846140,false,1773613846379,false
1773613846150,false,1773613846391,false
1773613846160,false,1773613846400,false
1773613846170,false,1773613846409,false
1773613846179,false,1773613846421,false
1773613846190,false,1773613846429,false
1773613846200,true,1773613846438,false
1773613846210,true,1773613846457,false
1773613846220,true,1773613846459,false
1773613846230,true,1773613846470,false
1773613846240,false,1773613846479,false
1773613846250,true,1773613846489,false
1773613846260,true,1773613846499,false
1773613846270,false,1773613846508,false
1773613846280,false,1773613846519,false
1773613846289,true,1773613846529,false
1773613846299,false,1773613846539,false
1773613846310,false,1773613846558,false
1773613846319,true,1773613846559,false
1773613846330,false,1773613846570,false
1773613846340,true,1773613846589,false
1773613846350,false,1773613846592,false
1773613846360,false,1773613846601,false
1773613846370,true,1773613846615,false
1773613846380,false,1773613846623,false
1773613846389,true,1773613846631,false
1773613846400,true,1773613846637,false
1773613846410,false,1773613846649,false
1773613846420,true,1773613846659,false
1773613846430,true,1773613846676,false
1773613846439,true,1773613846677,false
1773613846450,true,1773613846692,false
1773613846460,false,1773613846698,false
1773613846470,false,1773613846708,false
1773613846479,false,1773613846717,false
1773613846490,false,1773613846737,false
1773613846500,true,1773613846738,false
1773613846510,false,1773613846749,false
1773613846520,false,1773613846758,false
1773613846530,false,1773613846769,false
1773613846540,false,1773613846779,false
1773613846549,true,1773613846789,false
1773613846560,false,1773613846799,false
1773613846570,true,1773613846809,false
1773613846580,false,1773613846821,false
1773613846590,true,1773613846829,false
1773613846600,true,1773613846846,false
1773613846609,false,1773613846849,false
1773613846620,true,1773613846859,false
1773613846630,false,1773613846869,false
1773613846640,false,1773613846882,false
1773613846650,true,1773613846889,false
1773613846660,false,1773613846898,false
1773613846670,false,1773613846908,false
1773613846680,true,1773613846921,false
1773613846689,false,1773613846927,false
1773613846700,true,1773613846943,false
1773613846709,true,1773613846947,false
1773613846720,true,1773613846960,false
1773613846730,true,1773613846977,false
1773613846740,true,1773613846979,false
1773613846749,false,1773613846988,false
1773613846760,true,1773613846999,false
1773613846770,true,1773613847013,false
1773613846780,false,1773613847019,false
1773613846790,true,1773613847036,false
1773613846800,false,1773613847038,false
1773613846810,false,1773613847049,false
1773613846819,true,1773613847058,false
1773613846830,true,1773613847076,false
1773613846840,false,1773613847079,false
1773613846850,true,1773613847090,false
1773613846860,false,1773613847099,false
1773613846870,true,1773613847107,false
1773613846880,false,1773613847120,false
1773613846890,true,1773613847130,false
1773613846899,false,1773613847140,false
1773613846909,true,1773613847156,false
1773613846920,false,1773613847167,false
1773613846930,true,1773613847169,false
1773613846939,false,1773613847179,false
1773613846950,true,1773613847190,false
1773613846959,true,1773613847199,false
1773613846970,false,1773613847213,false
1773613846979,true,1773613847220,false
1773613846989,true,1773613847228,false
1773613846999,true,1773613847237,false
1773613847010,false,1773613847248,false
1773613847019,false,1773613847259,false
1773613847029,true,1773613847270,false
1773613847040,false,1773613847282,false
1773613847049,true,1773613847288,false
1773613847060,true,1773613847308,false
1773613847069,false,1773613847309,false
1773613847080,true,1773613847321,false
1773613847089,true,1773613847338,false
1773613847100,false,1773613847339,false
1773613847110,true,1773613847348,false
1773613847120,false,1773613847359,false
1773613847130,false,1773613847369,false
1773613847140,true,1773613847379,false
1773613847150,true,1773613847389,false
1773613847160,true,1773613847399,false
1773613847170,false,1773613847410,false
1773613847180,true,1773613847422,false
1773613847190,true,1773613847429,false
1773613847199,true,1773613847442,false
1773613847209,false,1773613847449,false
1773613847220,true,1773613847460,false
1773613847230,true,1773613847479,false
1773613847239,true,1773613847481,false
1773613847250,false,1773613847490,false
1773613847260,false,1773613847499,false
1773613847270,true,1773613847512,false
1773613847280,true,1773613847518,false
1773613847289,false,1773613847529,false
1773613847300,true,1773613847539,false
1773613847310,true,1773613847549,false
1773613847319,true,1773613847559,false
1773613847329,false,1773613847570,false
1773613847340,true,1773613847577,false
1773613847350,true,1773613847589,false
1773613847360,false,1773613847602,false
1773613847370,false,1773613847612,false
1773613847380,true,1773613847622,false
1773613847390,false,1773613847632,false
1773613847400,true,1773613847639,false
1773613847409,true,1773613847650,false
1773613847420,true,1773613847660,false
1773613847430,true,1773613847669,false
1773613847440,false,1773613847679,false
1773613847449,true,1773613847696,false
1773613847460,false,1773613847701,false
1773613847470,true,1773613847710,false
1773613847480,true,1773613847721,false
1773613847490,true,1773613847731,false
1773613847500,false,1773613847739,false
1773613847510,true,1773613847758,false
1773613847520,false,1773613847759,false
1773613847529,true,1773613847769,false
1773613847540,false,1773613847779,false
1773613847550,true,1773613847792,false
1773613847560,true,1773613847801,false
1773613847570,false,1773613847810,false
1773613847580,false,1773613847819,false
1773613847590,false,1773613847830,false
1773613847600,true,1773613847839,false
1773613847610,true,1773613847857,false
1773613847620,false,1773613847858,false
1773613847630,false,1773613847869,false
1773613847639,true,1773613847881,false
1773613847649,false,1773613847889,false
1773613847660,false,1773613847898,false
1773613847669,true,1773613847911,false
1773613847679,false,1773613847923,false
1773613847690,true,1773613847929,false
1773613847699,true,1773613847947,false
1773613847709,true,1773613847949,false
1773613847720,true,1773613847958,false
1773613847730,false,1773613847969,false
1773613847739,true,1773613847978,false
1773613847749,true,1773613847990,false
1773613847759,true,1773613847997,false
1773613847770,true,1773613848009,false
1773613847779,false,1773613848020,false
1773613847790,false,1773613848029,false
1773613847800,true,1773613848048,false
1773613847809,false,1773613848050,false
1773613847820,true,1773613848064,false
1773613847829,false,1773613848069,false
1773613847840,true,1773613848079,false
1773613847850,false,1773613848090,false
1773613847860,false,1773613848099,false
1773613847869,true,1773613848109,false
1773613847879,false,1773613848120,false
1773613847890,true,1773613848138,false
1773613847900,false,1773613848142,false
1773613847910,false,1773613848152,false
1773613847919,true,1773613848158,false
1773613847929,true,1773613848169,false
1773613847940,true,1773613848179,false
1773613847950,true,1773613848197,false
1773613847959,true,1773613848199,false
1773613847970,true,1773613848210,false
1773613847980,true,1773613848220,false
1773613847990,true,1773613848231,false
1773613848000,false,1773613848240,false
1773613848010,false,1773613848249,false
1773613848020,true,1773613848260,false
1773613848030,true,1773613848271,false
1773613848040,false,1773613848282,false
1773613848050,false,1773613848290,false
1773613848060,false,1773613848298,false
1773613848070,true,1773613848314,false
1773613848080,false,1773613848319,false
1773613848089,false,1773613848328,false
1773613848100,true,1773613848339,false
1773613848110,false,1773613848349,false
1773613848119,true,1773613848359,false
1773613848130,true,1773613848378,false
1773613848140,false,1773613848379,false
1773613848150,true,1773613848394,false
1773613848160,false,1773613848400,false
1773613848169,false,1773613848409,false
1773613848180,false,1773613848422,false
1773613848189,false,1773613848429,false
1773613848200,false,1773613848439,false
1773613848209,true,1773613848450,false
1773613848220,false,1773613848460,false
1773613848230,false,1773613848469,false
1773613848240,false,1773613848487,false
1773613848250,true,1773613848489,false
1773613848260,false,1773613848499,false
1773613848269,true,1773613848511,false
1773613848280,false,1773613848522,false
1773613848290,false,1773613848531,false
1773613848300,true,1773613848538,false
1773613848310,false,1773613848553,false
1773613848319,true,1773613848560,false
1773613848329,false,1773613848578,false
1773613848340,true,1773613848587,false
1773613848350,false,1773613848589,false
1773613848359,true,1773613848600,false
1773613848370,true,1773613848610,false
1773613848379,true,1773613848619,false
1773613848390,false,1773613848630,false
1773613848399,false,1773613848647,false
1773613848410,false,1773613848651,false
1773613848420,false,1773613848660,false
1773613848430,true,1773613848669,false
1773613848440,true,1773613848679,false
1773613848450,false,1773613848692,false
1773613848460,true,1773613848701,false
1773613848470,true,1773613848711,false
1773613848479,false,1773613848721,false
1773613848489,true,1773613848732,false
1773613848500,true,1773613848749,false
1773613848510,true,1773613848758,false
1773613848520,false,1773613848759,false
1773613848530,false,1773613848771,false
1773613848539,false,1773613848783,false
1773613848550,true,1773613848796,false
1773613848560,false,1773613848807,false
1773613848570,false,1773613848810,false
1773613848580,true,1773613848820,false
1773613848589,true,1773613848837,false
1773613848599,false,1773613848840,false
1773613848610,false,1773613848850,false
1773613848620,false,1773613848860,false
1773613848629,true,1773613848868,false
1773613848640,true,1773613848880,false
1773613848650,true,1773613848889,false
1773613848660,false,1773613848900,false
1773613848669,false,1773613848910,false
1773613848679,false,1773613848923,false
1773613848690,false,1773613848930,false
1773613848700,false,1773613848946,false
1773613848710,true,1773613848950,false
1773613848720,true,1773613848959,false
1773613848730,true,1773613848978,false
1773613848740,false,1773613848980,false
1773613848750,true,1773613848990,false
1773613848760,false,1773613849000,false
1773613848769,false,1773613849012,false
1773613848779,true,1773613849021,false
1773613848789,true,1773613849029,false
1773613848799,false,1773613849039,false
1773613848810,true,1773613849050,false
1773613848820,true,1773613849059,false
1773613848830,true,1773613849072,false
1773613848839,false,1773613849079,false
1773613848850,true,1773613849092,false
1773613848860,false,1773613849106,false
1773613848870,false,1773613849109,false
1773613848880,false,1773613849120,false
1773613848890,false,1773613849129,false
1773613848899,true,1773613849141,false
1773613848910,true,1773613849156,false
1773613848919,true,1773613849168,false
1773613848930,false,1773613849170,false
1773613848939,false,1773613849179,false
1773613848949,false,1773613849189,false
1773613848960,true,1773613849199,false
1773613848970,false,1773613849211,false
1773613848980,false,1773613849220,false
1773613848989,true,1773613849229,false
1773613849000,false,1773613849239,false
1773613849009,true,1773613849251,false
1773613849019,false,1773613849259,false
1773613849030,false,1773613849270,false
1773613849040,true,1773613849279,false
1773613849049,false,1773613849297,false
1773613849059,false,1773613849299,false
1773613849070,true,1773613849316,false
1773613849080,true,1773613849324,false
1773613849089,false,1773613849329,false
1773613849100,true,1773613849340,false
1773613849109,true,1773613849351,false
1773613849120,true,1773613849359,false
1773613849129,true,1773613849373,false
1773613849140,false,1773613849379,false
1773613849150,false,1773613849390,false
1773613849159,false,1773613849400,false
1773613849169,true,1773613849409,false
1773613849179,true,1773613849422,false
1773613849189,true,1773613849430,false
1773613849200,false,1773613849441,false
1773613849210,true,1773613849450,false
1773613849220,false,1773613849460,false
1773613849229,true,1773613849472,false
1773613849239,true,1773613849480,false
1773613849250,false,1773613849491,false
1773613849259,false,1773613849502,false
1773613849270,true,1773613849514,false
1773613849279,true,1773613849521,false
1773613849290,false,1773613849537,false
1773613849299,true,1773613849539,false
1773613849310,false,1773613849549,false
1773613849320,true,1773613849560,false
1773613849330,false,1773613849579,false
1773613849339,false,1773613849587,false
1773613849350,true,1773613849593,false
1773613849360,true,1773613849599,false
1773613849370,false,1773613849612,false
1773613849379,true,1773613849620,false
1773613849389,true,1773613849638,false
1773613849400,false,1773613849639,false
1773613849410,true,1773613849649,false
1773613849420,true,1773613849663,false
1773613849430,false,1773613849671,false
1773613849440,true,1773613849682,false
1773613849450,false,1773613849695,false
1773613849460,true,1773613849701,false
1773613849470,false,1773613849709,false
1773613849480,true,1773613849726,false
1773613849489,false,1773613849728,false
1773613849500,false,1773613849739,false
1773613849510,true,1773613849749,false
1773613849520,true,1773613849760,false
1773613849529,false,1773613849776,false
1773613849540,true,1773613849779,false
1773613849550,false,1773613849790,false
1773613849560,false,1773613849809,false
1773613849569,true,1773613849810,false
1773613849579,true,1773613849823,false
1773613849590,true,1773613849836,false
1773613849600,false,1773613849839,false
1773613849609,false,1773613849850,false
1773613849619,false,1773613849868,false
1773613849630,true,1773613849872,false
1773613849639,true,1773613849883,false
1773613849649,false,1773613849890,false
1773613849659,true,1773613849909,false
1773613849669,true,1773613849911,false
1773613849679,true,1773613849919,false
1773613849690,true,1773613849930,false
1773613849700,true,1773613849947,false
1773613849709,true,1773613849949,false
1773613849720,true,1773613849967,false
1773613849729,false,1773613849969,false
1773613849739,true,1773613849979,false
1773613849749,true,1773613849991,false
1773613849759,true,1773613850003,false
1773613849770,false,1773613850013,false
1773613849780,true,1773613850019,false
1773613849790,false,1773613850037,false
1773613849799,true,1773613850047,false
1773613849810,false,1773613850057,false
1773613849820,false,1773613850059,false
1773613849830,true,1773613850079,false
1773613849840,false,1773613850083,false
1773613849850,false,1773613850089,false
1773613849860,false,1773613850103,false
1773613849869,false,1773613850110,false
1773613849880,false,1773613850119,false
1773613849890,false,1773613850130,false
1773613849900,false,1773613850139,false
1773613849909,false,1773613850149,false
1773613849919,true,1773613850168,false
1773613849930,true,1773613850177,false
1773613849940,true,1773613850182,false
1773613849949,false,1773613850192,false
1773613849960,true,1773613850200,false
1773613849969,true,1773613850211,false
1773613849979,true,1773613850220,false
1773613849990,false,1773613850230,false
1773613850000,false,1773613850241,false
1773613850010,false,1773613850250,false
1773613850019,true,1773613850267,false
1773613850030,true,1773613850271,false
1773613850039,false,1773613850280,false
1773613850050,true,1773613850300,false
1773613850060,false,1773613850309,false
1773613850069,false,1773613850312,false
1773613850080,false,1773613850322,false
1773613850090,false,1773613850337,false
1773613850100,true,1773613850340,false
1773613850110,true,1773613850349,false
1773613850119,false,1773613850360,false
1773613850130,true,1773613850370,false
1773613850139,true,1773613850390,false
1773613850149,false,1773613850392,false
1773613850160,true,1773613850405,false
1773613850170,true,1773613850415,false
1773613850179,true,1773613850421,false
1773613850190,false,1773613850430,false
1773613850199,false,1773613850440,false
1773613850209,true,1773613850451,false
1773613850220,true,1773613850461,false
1773613850230,false,1773613850470,false
1773613850240,true,1773613850481,false
1773613850249,true,1773613850489,false
1773613850260,true,1773613850500,false
1773613850270,true,1773613850514,false
1773613850279,true,1773613850519,false
1773613850290,true,1773613850534,false
1773613850300,true,1773613850542,false
1773613850310,false,1773613850550,false
1773613850320,false,1773613850561,false
1773613850329,false,1773613850571,false
1773613850340,false,1773613850579,false
1773613850350,true,1773613850591,false
1773613850360,true,1773613850600,false
1773613850369,false,1773613850615,false
1773613850380,false,1773613850618,false
1773613850390,false,1773613850639,false
1773613850399,true,1773613850640,false
1773613850410,true,1773613850660,false
1773613850420,true,1773613850669,false
1773613850430,true,1773613850671,false
1773613850440,true,1773613850689,false
1773613850449,true,1773613850699,false
1773613850460,true,1773613850709,false
1773613850470,false,1773613850714,false
1773613850480,false,1773613850724,false
1773613850490,true,1773613850732,false
1773613850500,true,1773613850742,false
1773613850510,true,1773613850759,false
1773613850519,false,1773613850760,false
1773613850529,true,1773613850769,false
1773613850540,false,1773613850790,false
1773613850550,true,1773613850799,false
1773613850560,true,1773613850802,false
1773613850570,false,1773613850819,false
1773613850579,false,1773613850822,false
1773613850590,true,1773613850835,false
1773613850600,true,1773613850840,false
1773613850610,true,1773613850851,false
1773613850620,true,1773613850860,false
1773613850630,true,1773613850870,false
1773613850640,false,1773613850890,false
1773613850650,true,1773613850898,false
1773613850659,false,1773613850909,false
1773613850670,true,1773613850912,false
1773613850680,false,1773613850922,false
1773613850689,false,1773613850930,false
1773613850700,false,1773613850948,false
1773613850709,false,1773613850951,false
1773613850720,true,1773613850960,false
1773613850730,true,1773613850980,false
1773613850740,true,1773613850982,false
1773613850750,false,1773613850999,false
1773613850760,true,1773613851008,false
1773613850770,false,1773613851011,false
1773613850779,true,1773613851024,false
1773613850790,false,1773613851030,false
1773613850799,true,1773613851040,false
1773613850810,false,1773613851050,false
1773613850820,false,1773613851063,false
1773613850830,false,1773613851073,false
1773613850840,true,1773613851088,false
1773613850849,true,1773613851090,false
1773613850859,false,1773613851110,false
1773613850870,true,1773613851114,false
1773613850879,true,1773613851123,false
1773613850890,true,1773613851141,false
1773613850900,false,1773613851149,false
1773613850909,false,1773613851152,false
1773613850920,false,1773613851170,false
1773613850930,true,1773613851171,false
1773613850940,true,1773613851181,false
1773613850949,false,1773613851193,false
1773613850960,false,1773613851209,false
1773613850969,false,1773613851213,false
1773613850980,true,1773613851224,false
1773613850989,true,1773613851240,false
1773613851000,false,1773613851242,false
1773613851009,true,1773613851250,false
1773613851020,false,1773613851262,false
1773613851030,true,1773613851278,false
1773613851040,true,1773613851280,false
1773613851050,true,1773613851298,false
1773613851060,true,1773613851300,false
1773613851070,true,1773613851316,false
1773613851080,true,1773613851321,false
1773613851090,false,1773613851340,false
1773613851100,true,1773613851350,false
1773613851110,false,1773613851357,false
1773613851120,true,1773613851361,false
1773613851129,true,1773613851379,false
1773613851140,true,1773613851384,false
1773613851149,true,1773613851401,false
1773613851160,true,1773613851410,false
1773613851170,false,1773613851415,false
1773613851180,false,1773613851421,false
1773613851190,false,1773613851436,false
1773613851199,false,1773613851450,false
1773613851209,false,1773613851452,false
1773613851220,false,1773613851460,false
1773613851230,true,1773613851474,false
1773613851240,false,1773613851491,false
1773613851250,true,1773613851500,false
1773613851260,true,1773613851507,false
1773613851270,false,1773613851510,false
1773613851280,false,1773613851522,false
1773613851290,true,1773613851541,false
1773613851300,false,1773613851549,false
1773613851310,false,1773613851552,false
1773613851319,false,1773613851560,false
1773613851330,false,1773613851583,false
1773613851339,false,1773613851587,false
1773613851350,false,1773613851593,false
1773613851360,false,1773613851601,false
1773613851370,true,1773613851611,false
1773613851380,true,1773613851623,false
1773613851390,true,1773613851639,false
1773613851399,false,1773613851641,false
1773613851410,false,1773613851661,false
1773613851420,true,1773613851668,false
1773613851430,false,1773613851680,false
1773613851440,false,1773613851684,false
1773613851450,true,1773613851698,false
1773613851460,true,1773613851709,false
1773613851470,false,1773613851711,false
1773613851479,false,1773613851721,false
1773613851490,true,1773613851731,false
1773613851500,true,1773613851752,false
1773613851510,false,1773613851759,false
1773613851520,false,1773613851771,false
1773613851530,false,1773613851776,false
1773613851540,false,1773613851787,false
1773613851550,false,1773613851800,false
1773613851560,false,1773613851811,false
1773613851570,false,1773613851815,false
1773613851580,false,1773613851824,false
1773613851590,false,1773613851832,false
1773613851600,true,1773613851842,false
1773613851610,true,1773613851862,false
1773613851619,false,1773613851870,false
1773613851630,true,1773613851872,false
1773613851639,true,1773613851891,false
1773613851650,false,1773613851901,false
1773613851660,true,1773613851910,false
1773613851670,true,1773613851915,false
1773613851680,true,1773613851923,false
1773613851690,false,1773613851930,false
1773613851700,false,1773613851949,false
1773613851709,false,1773613851952,false
1773613851720,false,1773613851967,false
1773613851730,true,1773613851975,false
1773613851740,false,1773613851982,false
1773613851750,false,1773613852001,false
1773613851760,true,1773613852006,false
1773613851769,false,1773613852018,false
1773613851780,true,1773613852024,false
1773613851790,false,1773613852031,false
1773613851799,false,1773613852049,false
1773613851810,true,1773613852053,false
1773613851819,false,1773613852060,false
1773613851830,true,1773613852081,false
1773613851840,false,1773613852092,false
1773613851850,false,1773613852098,false
1773613851859,false,1773613852102,false
1773613851870,true,1773613852115,false
1773613851880,false,1773613852124,false
1773613851889,true,1773613852139,false
1773613851899,true,1773613852142,false
1773613851910,false,1773613852161,false
1773613851919,true,1773613852167,false
1773613851929,false,1773613852171,false
1773613851940,false,1773613852188,false
1773613851949,true,1773613852191,false
1773613851960,false,1773613852210,false
1773613851970,false,1773613852216,false
1773613851979,false,1773613852219,false
1773613851990,true,1773613852236,false
1773613851999,false,1773613852239,false
1773613852010,true,1773613852257,false
1773613852020,false,1773613852261,false
1773613852029,false,1773613852281,false
1773613852040,false,1773613852290,false
1773613852050,false,1773613852302,false
1773613852060,false,1773613852308,false
1773613852069,false,1773613852311,false
1773613852079,true,1773613852326,false
1773613852090,true,1773613852332,false
1773613852100,false,1773613852341,false
1773613852110,false,1773613852360,false
1773613852120,false,1773613852362,false
1773613852130,true,1773613852382,false
1773613852140,false,1773613852388,false
1773613852150,true,1773613852400,false
1773613852160,true,1773613852411,false
1773613852169,true,1773613852416,false
1773613852180,true,1773613852425,false
1773613852190,false,1773613852431,false
1773613852200,false,1773613852442,false
1773613852209,true,1773613852452,false
1773613852220,true,1773613852468,false
1773613852230,true,1773613852473,false
1773613852239,true,1773613852480,false
1773613852250,true,1773613852501,false
1773613852259,false,1773613852514,false
1773613852270,false,1773613852517,false
1773613852280,true,1773613852524,false
1773613852290,false,1773613852543,false
1773613852299,true,1773613852547,false
1773613852309,false,1773613852549,false
1773613852319,false,1773613852570,false
1773613852330,true,1773613852572,false
1773613852340,true,1773613852583,false
1773613852349,false,1773613852598,false
1773613852360,true,1773613852599,false
1773613852370,false,1773613852615,false
1773613852380,false,1773613852623,false
1773613852390,true,1773613852633,false
1773613852400,true,1773613852639,false
1773613852410,false,1773613852662,false
1773613852420,false,1773613852672,false
1773613852430,false,1773613852675,false
1773613852439,false,1773613852690,false
1773613852449,true,1773613852696,false
1773613852460,false,1773613852709,false
1773613852470,false,1773613852712,false
1773613852480,false,1773613852720,false
1773613852490,false,1773613852733,false
1773613852499,true,1773613852741,false
1773613852510,false,1773613852753,false
1773613852520,false,1773613852764,false
1773613852529,true,1773613852774,false
1773613852540,true,1773613852783,false
1773613852550,false,1773613852791,false
1773613852560,true,1773613852801,false
1773613852569,true,1773613852812,false
1773613852580,false,1773613852822,false
1773613852590,false,1773613852838,false
1773613852599,false,1773613852841,false
1773613852609,true,1773613852850,false
1773613852619,true,1773613852863,false
1773613852630,true,1773613852877,false
1773613852639,false,1773613852880,false
1773613852650,false,1773613852897,false
1773613852660,true,1773613852905,false
1773613852670,true,1773613852913,false
1773613852680,false,1773613852924,false
1773613852690,false,1773613852940,false
1773613852700,true,1773613852949,false
1773613852709,false,1773613852957,false
1773613852719,false,1773613852968,false
1773613852730,true,1773613852970,false
1773613852739,false,1773613852988,false
1773613852749,false,1773613852994,false
1773613852759,true,1773613853003,false
1773613852769,true,1773613853012,false
1773613852780,true,1773613853024,false
1773613852790,true,1773613853039,false
1773613852800,false,1773613853042,false
1773613852810,false,1773613853062,false
1773613852820,true,1773613853070,false
1773613852830,true,1773613853074,false
1773613852839,true,1773613853087,false
1773613852850,true,1773613853090,false
1773613852860,false,1773613853107,false
1773613852870,false,1773613853118,false
1773613852880,true,1773613853130,false
1773613852890,true,1773613853134,false
1773613852899,false,1773613853142,false
1773613852910,false,1773613853163,false
1773613852920,false,1773613853170,false
1773613852930,true,1773613853180,false
1773613852940,true,1773613853189,false
1773613852950,false,1773613853192,false
1773613852960,false,1773613853202,false
1773613852970,true,1773613853214,false
1773613852979,true,1773613853223,false
1773613852989,true,1773613853233,false
1773613853000,true,1773613853242,false
1773613853010,false,1773613853254,false
1773613853019,true,1773613853273,false
1773613853030,false,1773613853282,false
1773613853040,false,1773613853288,false
1773613853050,true,1773613853292,false
1773613853060,false,1773613853304,false
1773613853070,false,1773613853313,false
1773613853080,false,1773613853322,false
1773613853090,true,1773613853331,false
1773613853100,true,1773613853343,false
1773613853110,false,1773613853353,false
1773613853120,false,1773613853363,false
1773613853130,false,1773613853379,false
1773613853139,false,1773613853386,false
1773613853150,false,1773613853401,false
1773613853160,false,1773613853403,false
1773613853170,false,1773613853411,false
1773613853180,false,1773613853426,false
1773613853189,false,1773613853441,false
1773613853200,true,1773613853453,false
1773613853209,true,1773613853459,false
1773613853220,true,1773613853462,false
1773613853230,true,1773613853480,false
1773613853240,true,1773613853491,false
1773613853250,false,1773613853493,false
1773613853260,true,1773613853503,false
1773613853270,true,1773613853516,false
1773613853280,false,1773613853523,false
1773613853290,false,1773613853533,false
1773613853300,true,1773613853549,false
1773613853310,true,1773613853559,false
1773613853320,true,1773613853572,false
1773613853330,true,1773613853584,false
1773613853340,true,1773613853591,false
1773613853350,true,1773613853597,false
1773613853360,false,1773613853612,false
1773613853370,true,1773613853616,false
1773613853380,true,1773613853630,false
1773613853390,false,1773613853633,false
1773613853399,true,1773613853643,false
1773613853409,false,1773613853663,false
1773613853420,true,1773613853670,false
1773613853429,false,1773613853676,false
1773613853440,true,1773613853686,false
1773613853449,false,1773613853698,false
1773613853460,false,1773613853706,false
1773613853469,true,1773613853715,false
1773613853480,true,1773613853726,false
1773613853490,true,1773613853742,false
1773613853500,true,1773613853748,false
1773613853510,true,1773613853761,false
1773613853520,false,1773613853766,false
1773613853530,false,1773613853781,false
1773613853539,false,1773613853784,false
1773613853550,true,1773613853797,false
1773613853559,true,1773613853801,false
1773613853569,false,1773613853814,false
1773613853580,false,1773613853823,false
1773613853590,true,1773613853838,false
1773613853599,true,1773613853846,false
1773613853610,false,1773613853863,false
1773613853619,true,1773613853867,false
1773613853630,true,1773613853881,false
1773613853640,true,1773613853889,false
1773613853650,false,1773613853897,false
1773613853660,true,1773613853909,false
1773613853670,true,1773613853920,false
1773613853679,true,1773613853924,false
1773613853689,false,1773613853937,false
1773613853699,false,1773613853942,false
1773613853709,true,1773613853956,false
1773613853719,true,1773613853973,false
1773613853730,true,1773613853981,false
1773613853740,true,1773613853993,false
1773613853750,false,1773613854000,false
1773613853759,true,1773613854002,false
1773613853769,true,1773613854015,false
1773613853780,true,1773613854031,false
1773613853790,false,1773613854039,false
1773613853800,false,1773613854042,false
1773613853810,true,1773613854060,false
1773613853820,false,1773613854069,false
1773613853829,true,1773613854078,false
1773613853840,false,1773613854091,false
1773613853850,false,1773613854103,false
1773613853860,false,1773613854106,false
1773613853870,false,1773613854120,false
1773613853880,false,1773613854125,false
1773613853890,false,1773613854135,false
1773613853899,true,1773613854152,false
1773613853910,true,1773613854163,false
1773613853920,true,1773613854170,false
1773613853930,true,1773613854180,false
1773613853940,true,1773613854194,false
1773613853950,true,1773613854197,false
1773613853960,false,1773613854205,false
1773613853970,true,1773613854218,false
1773613853980,false,1773613854225,false
1773613853990,true,1773613854245,false
1773613854000,true,1773613854249,false
1773613854010,false,1773613854263,false
1773613854019,true,1773613854271,false
1773613854030,true,1773613854276,false
1773613854040,false,1773613854290,false
1773613854050,true,1773613854297,false
1773613854060,false,1773613854312,false
1773613854069,true,1773613854314,false
1773613854080,false,1773613854323,false
1773613854090,true,1773613854338,false
1773613854100,true,1773613854348,false
1773613854110,false,1773613854354,false
1773613854120,false,1773613854372,false
1773613854130,true,1773613854384,false
1773613854139,false,1773613854387,false
1773613854150,false,1773613854392,false
1773613854160,false,1773613854405,false
1773613854170,false,1773613854420,false
1773613854180,false,1773613854424,false
1773613854190,true,1773613854440,false
1773613854200,true,1773613854448,false
1773613854210,true,1773613854462,false
1773613854219,true,1773613854468,false
1773613854230,true,1773613854472,false
1773613854239,false,1773613854487,false
1773613854250,true,1773613854496,false
1773613854260,true,1773613854504,false
1773613854270,false,1773613854524,false
1773613854280,true,1773613854529,false
1773613854289,false,1773613854541,false
1773613854300,false,1773613854544,false
1773613854309,true,1773613854562,false
1773613854320,false,1773613854569,false
1773613854330,true,1773613854578,false
1773613854339,false,1773613854590,false
1773613854349,true,1773613854594,false
1773613854360,true,1773613854603,false
1773613854370,false,1773613854622,false
1773613854380,false,1773613854624,false
1773613854389,true,1773613854634,false
1773613854399,true,1773613854644,false
1773613854409,true,1773613854660,false
1773613854420,false,1773613854670,false
1773613854429,true,1773613854673,false
1773613854440,true,1773613854696,false
1773613854449,false,1773613854700,false
1773613854460,true,1773613854703,false
1773613854470,false,1773613854718,false
1773613854479,true,1773613854722,false
1773613854490,true,1773613854738,false
1773613854500,false,1773613854746,false
1773613854510,false,1773613854762,false
1773613854520,false,1773613854768,false
1773613854530,false,1773613854773,false
1773613854540,false,1773613854793,false
1773613854550,true,1773613854798,false
1773613854560,true,1773613854813,false
1773613854570,true,1773613854820,false
1773613854579,false,1773613854831,false
1773613854590,true,1773613854843,false
1773613854600,false,1773613854854,false
1773613854609,true,1773613854859,false
1773613854620,true,1773613854868,false
1773613854630,false,1773613854870,false
1773613854640,false,1773613854890,false
1773613854650,true,1773613854892,false
1773613854660,true,1773613854914,false
1773613854670,true,1773613854917,false
1773613854680,true,1773613854932,false
1773613854689,true,1773613854934,false
1773613854700,false,1773613854951,false
1773613854710,true,1773613854963,false
1773613854720,true,1773613854969,false
1773613854730,false,1773613854973,false
1773613854740,false,1773613854990,false
1773613854750,false,1773613854996,false
1773613854760,true,1773613855007,false
1773613854769,true,1773613855023,false
1773613854780,true,1773613855031,false
1773613854790,false,1773613855037,false
1773613854799,false,1773613855050,false
1773613854810,false,1773613855064,false
1773613854819,true,1773613855069,false
1773613854830,false,1773613855082,false
1773613854839,false,1773613855090,false
1773613854850,true,1773613855094,false
1773613854859,true,1773613855105,false
1773613854869,true,1773613855114,false
1773613854880,true,1773613855128,false
1773613854890,true,1773613855137,false
1773613854899,true,1773613855151,false
1773613854910,true,1773613855165,false
1773613854920,false,1773613855169,false
1773613854929,true,1773613855185,false
1773613854940,false,1773613855188,false
1773613854949,true,1773613855199,false
1773613854959,true,1773613855207,false
1773613854969,false,1773613855216,false
1773613854980,true,1773613855227,false
1773613854990,true,1773613855245,false
1773613855000,true,1773613855250,false
1773613855010,false,1773613855253,false
1773613855020,false,1773613855266,false
1773613855030,false,1773613855281,false
1773613855040,false,1773613855285,false
1773613855050,true,1773613855299,false
1773613855060,false,1773613855307,false
1773613855062,false,1773613855310,false
1773613855163,true,1773613855414,false
1773613855263,true,1773613855511,false
1773613855363,false,1773613855609,false
1773613855463,true,1773613855713,false
1773613855563,false,1773613855810,false
1773613855663,true,1773613855910,false
1773613855763,true,1773613856010,false
1773613855863,true,1773613856113,false
1773613855962,true,1773613856208,false
1773613856063,false,1773613856308,false
1773613856163,false,1773613856410,false
1773613856262,true,1773613856511,false
1773613856362,false,1773613856617,false
1773613856463,true,1773613856709,false
1773613856563,false,1773613856807,false
1773613856663,true,1773613856908,false
1773613856763,true,1773613857006,false
1773613856863,false,1773613857112,false
1773613856963,true,1773613857213,false
1773613857063,true,1773613857317,false
1773613857163,false,1773613857410,false
1773613857263,true,1773613857508,false
1773613857362,false,1773613857620,false
1773613857462,false,1773613857707,false
1773613857562,false,1773613857814,false
1773613857663,false,1773613857911,false
1773613857763,true,1773613858012,false
1773613857863,false,1773613858110,false
1773613857963,false,1773613858207,false
1773613858063,true,1773613858307,false
1773613858163,true,1773613858417,false
1773613858263,true,1773613858514,false
1773613858362,true,1773613858609,false
1773613858463,true,1773613858708,false
1773613858562,true,1773613858816,false
1773613858663,true,1773613858908,false
1773613858763,true,1773613859013,false
1773613858862,false,1773613859108,false
1773613858963,true,1773613859212,false
1773613859063,false,1773613859309,false
1773613859163,true,1773613859409,false
1773613859263,false,1773613859513,false
1773613859363,false,1773613859609,false
1773613859463,true,1773613859712,false
1773613859563,true,1773613859807,false
1773613859663,true,1773613859912,false
1773613859763,true,1773613860012,false
1773613859862,false,1773613860112,false
1773613859963,false,1773613860213,false
1773613860063,false,1773613860312,false
1773613860162,true,1773613860412,false
1773613860263,true,1773613860514,false
1773613860363,true,1773613860616,false
1773613860463,false,1773613860713,false
1773613860562,true,1773613860815,false
1773613860663,true,1773613860913,false
1773613860763,true,1773613861014,false
1773613860863,false,1773613861116,false
1773613860963,true,1773613861216,false
1773613861063,true,1773613861312,false
1773613861162,true,1773613861413,false
1773613861263,false,1773613861511,false
1773613861363,false,1773613861614,false
1773613861462,true,1773613861715,false
1773613861563,true,1773613861814,false
1773613861662,true,1773613861911,false
1773613861763,false,1773613862019,false
1773613861863,false,1773613862115,false
1773613861963,true,1773613862215,false
1773613862063,true,1773613862325,false
1773613862163,false,1773613862422,false
1773613862263,false,1773613862515,false
1773613862363,false,1773613862613,false
1773613862463,false,1773613862712,false
1773613862562,true,1773613862814,false
1773613862663,false,1773613862915,false
1773613862763,true,1773613863015,false
1773613862863,true,1773613863118,false
1773613862963,false,1773613863224,false
1773613863063,true,1773613863311,false
1773613863163,true,1773613863414,false
1773613863263,false,1773613863517,false
1773613863363,true,1773613863620,false
1773613863463,true,1773613863716,false
1773613863562,false,1773613863834,false
1773613863663,false,1773613863915,false
1773613863763,true,1773613864018,false
1773613863863,true,1773613864121,false
1773613863962,false,1773613864222,false
1773613864063,true,1773613864324,false
1773613864163,true,1773613864425,false
1773613864263,false,1773613864515,false
1773613864363,false,1773613864626,false
1773613864463,true,1773613864714,false
1773613864563,false,1773613864821,false
1773613864663,true,1773613864917,false
1773613864763,true,1773613865027,false
1773613864863,true,,false
1773613864963,true,,false
